Sample_Size,Sample_Mean
1,100   ,10.376793
2,100   ,10.410157
3,100    ,9.931011
4,100   ,10.910078
5,100    ,9.737306
6,100   ,10.947330
7,100    ,9.905631
8,100   ,10.895389
9,100    ,9.913942
10,100    ,9.189416
11,100   ,10.007539
12,100   ,10.197614
13,100   ,10.594889
14,100    ,9.801726
15,100    ,9.660646
16,100    ,9.842789
17,100   ,10.349832
18,100   ,10.138011
19,100    ,9.911747
20,100    ,9.662801
21,100    ,9.835351
22,100   ,10.386745
23,100   ,10.393423
24,100   ,11.094653
25,100   ,10.139965
26,100    ,8.934835
27,100   ,10.016404
28,100    ,9.769693
29,100    ,9.826003
30,100    ,9.585061
31,100   ,10.562296
32,100   ,10.372204
33,100    ,9.535776
34,100   ,10.743361
35,100   ,10.152774
36,100   ,11.133306
37,100   ,10.155711
38,100   ,10.600808
39,100   ,10.263163
40,100    ,9.942307
41,100   ,11.043595
42,100   ,10.046703
43,100   ,10.698496
44,100   ,10.927377
45,100   ,10.354519
46,100   ,10.819962
47,100   ,10.018728
48,100    ,9.822304
49,100   ,10.019812
50,100   ,10.438258
51,100   ,10.172234
52,100   ,10.095114
53,100   ,10.869256
54,100    ,9.130953
55,100   ,10.044109
56,100   ,10.260692
57,100   ,10.660862
58,100    ,9.453243
59,100    ,9.824423
60,100   ,10.451580
61,100    ,9.764537
62,100   ,10.025623
63,100    ,9.519128
64,100   ,10.370277
65,100   ,10.695113
66,100    ,9.929272
67,100   ,10.632199
68,100   ,11.203267
69,100   ,10.459479
70,100   ,10.165670
71,100   ,10.120590
72,100   ,10.384108
73,100   ,10.258807
74,100   ,10.149710
75,100    ,9.635547
76,100    ,9.487547
77,100   ,10.553087
78,100   ,10.547726
79,100   ,10.807036
80,100   ,10.475490
81,100    ,9.910514
82,100   ,10.331936
83,100   ,10.013686
84,100    ,9.915635
85,100    ,9.648783
86,100   ,10.552829
87,100   ,10.043153
88,100   ,10.353101
89,100    ,9.586648
90,100   ,10.597844
91,100    ,9.717576
92,100   ,10.633462
93,100   ,10.547206
94,100    ,9.745623
95,100    ,9.890895
96,100   ,10.790248
97,100    ,9.529975
98,100   ,10.407428
99,100    ,9.338874
100,100   ,10.619546
101,100    ,9.938740
102,100   ,10.196773
103,100    ,9.734056
104,100   ,10.772128
105,100    ,9.443869
106,100   ,10.041603
107,100    ,9.710481
108,100   ,10.027876
109,100   ,10.406215
110,100   ,10.672841
111,100   ,10.031538
112,100   ,10.053158
113,100   ,10.240903
114,100   ,10.946787
115,100   ,10.146878
116,100    ,9.818138
117,100   ,10.954055
118,100   ,10.255683
119,100    ,9.735287
120,100   ,10.388675
121,100    ,9.728750
122,100   ,10.043859
123,100   ,10.432982
124,100   ,10.573741
125,100   ,10.257922
126,100   ,10.603389
127,100   ,10.530121
128,100   ,10.241320
129,100   ,10.234176
130,100    ,9.927470
131,100   ,11.406595
132,100    ,9.934305
133,100    ,9.733715
134,100   ,10.441911
135,100    ,9.584984
136,100   ,10.928901
137,100   ,10.220174
138,100   ,10.583777
139,100   ,10.175258
140,100   ,10.936718
141,100   ,11.113295
142,100    ,9.777383
143,100   ,11.325436
144,100    ,9.578974
145,100    ,8.470590
146,100   ,11.227121
147,100   ,10.510547
148,100    ,9.772245
149,100   ,11.093189
150,100   ,10.454438
151,100    ,9.103386
152,100   ,10.844408
153,100    ,9.945208
154,100    ,9.909793
155,100    ,9.698079
156,100    ,9.964332
157,100   ,11.142332
158,100   ,10.207310
159,100   ,10.155230
160,100   ,10.004682
161,100   ,10.018527
162,100   ,10.130539
163,100   ,10.773307
164,100   ,10.828384
165,100   ,10.000391
166,100   ,10.455202
167,100   ,10.313632
168,100   ,10.728109
169,100   ,10.258320
170,100    ,9.576640
171,100   ,10.141199
172,100   ,10.999292
173,100    ,8.952706
174,100    ,9.402802
175,100    ,9.985415
176,100   ,10.664808
177,100   ,10.567706
178,100   ,10.783329
179,100    ,9.745884
180,100    ,9.616630
181,100   ,10.924050
182,100   ,10.839223
183,100   ,10.527695
184,100   ,10.078206
185,100   ,10.389775
186,100   ,10.388876
187,100    ,9.132350
188,100   ,10.703234
189,100   ,10.247757
190,100   ,10.375445
191,100    ,9.896987
192,100   ,10.570466
193,100   ,10.205175
194,100   ,10.657011
195,100   ,10.368940
196,100    ,9.877904
197,100   ,10.883508
198,100   ,10.048419
199,100   ,10.541744
200,100   ,10.324783
201,100    ,9.327757
202,100   ,10.262122
203,100   ,11.348880
204,100    ,9.269247
205,100   ,10.459941
206,100   ,10.264662
207,100    ,9.512163
208,100    ,9.852111
209,100    ,9.769555
210,100   ,10.121114
211,100   ,10.760424
212,100   ,10.891672
213,100   ,10.439145
214,100    ,9.733979
215,100   ,10.345461
216,100    ,9.990899
217,100   ,10.618664
218,100   ,10.855592
219,100   ,10.008329
220,100   ,10.850030
221,100   ,10.229914
222,100    ,9.800633
223,100   ,10.218431
224,100    ,9.650121
225,100   ,10.987455
226,100   ,10.506060
227,100    ,9.136891
228,100    ,9.439917
229,100   ,10.394735
230,100    ,9.886131
231,100    ,9.540690
232,100   ,10.474025
233,100    ,9.742816
234,100    ,9.205422
235,100   ,10.940914
236,100    ,9.815388
237,100    ,9.571881
238,100   ,10.735083
239,100    ,9.836839
240,100   ,11.087259
241,100   ,10.075047
242,100   ,10.456722
243,100    ,9.738746
244,100    ,9.837266
245,100    ,9.586295
246,100   ,10.345486
247,100   ,10.603545
248,100    ,9.472612
249,100   ,10.051464
250,100   ,10.314324
251,100   ,10.016349
252,100   ,10.297722
253,100   ,10.212614
254,100    ,9.990836
255,100   ,11.217142
256,100   ,10.562196
257,100    ,9.316294
258,100    ,9.746355
259,100   ,10.047458
260,100    ,9.530368
261,100   ,10.310573
262,100   ,10.284596
263,100    ,9.754529
264,100   ,10.050111
265,100   ,10.184386
266,100    ,9.947872
267,100    ,9.103066
268,100    ,9.778953
269,100   ,10.091397
270,100   ,10.721917
271,100   ,10.510165
272,100    ,9.770060
273,100    ,9.827185
274,100   ,10.335204
275,100    ,9.915886
276,100    ,9.863701
277,100   ,10.739593
278,100   ,10.249186
279,100   ,10.059510
280,100   ,10.031121
281,100   ,10.455789
282,100   ,10.063154
283,100    ,9.374449
284,100    ,9.372922
285,100   ,10.142434
286,100   ,10.073134
287,100    ,9.538169
288,100    ,9.648458
289,100   ,10.464585
290,100   ,10.334938
291,100   ,10.046682
292,100    ,9.739202
293,100    ,9.968921
294,100    ,9.465937
295,100   ,10.781261
296,100    ,9.851520
297,100    ,9.968636
298,100   ,10.234177
299,100   ,10.257156
300,100   ,10.365570
301,100   ,10.755343
302,100   ,10.458949
303,100   ,10.067784
304,100    ,9.583635
305,100   ,10.175992
306,100   ,10.293509
307,100    ,9.229243
308,100   ,10.338293
309,100    ,9.752913
310,100   ,10.680399
311,100    ,9.475313
312,100    ,9.765061
313,100   ,10.212436
314,100   ,10.254589
315,100   ,10.112008
316,100   ,10.536539
317,100   ,10.610086
318,100   ,10.315662
319,100   ,10.258129
320,100   ,10.879747
321,100   ,10.045026
322,100    ,9.059073
323,100    ,9.687316
324,100   ,10.084363
325,100   ,10.271741
326,100    ,9.954028
327,100    ,9.923659
328,100   ,10.963406
329,100   ,10.256149
330,100   ,10.921017
331,100   ,10.087836
332,100   ,10.358778
333,100   ,10.885431
334,100   ,10.851757
335,100    ,9.745253
336,100   ,10.110634
337,100    ,9.768922
338,100   ,10.579947
339,100    ,9.009090
340,100    ,9.996972
341,100    ,9.974778
342,100   ,10.081795
343,100    ,9.938977
344,100   ,10.407680
345,100   ,10.402911
346,100   ,10.422261
347,100    ,9.977708
348,100    ,9.713245
349,100   ,10.143678
350,100   ,10.660799
351,100    ,9.752617
352,100   ,11.136487
353,100   ,10.275620
354,100    ,9.219278
355,100    ,9.642082
356,100   ,10.742142
357,100   ,10.146025
358,100   ,10.732118
359,100   ,10.172692
360,100   ,10.844357
361,100    ,9.838808
362,100   ,11.052755
363,100   ,11.144219
364,100    ,9.539840
365,100   ,10.486145
366,100    ,9.940787
367,100   ,11.127433
368,100   ,10.679751
369,100   ,10.628803
370,100   ,10.257289
371,100   ,10.103429
372,100   ,10.273521
373,100    ,9.634021
374,100   ,10.470074
375,100   ,10.008612
376,100   ,10.035592
377,100   ,10.478859
378,100    ,9.874994
379,100   ,10.452141
380,100    ,9.957569
381,100   ,10.019449
382,100    ,9.805631
383,100    ,9.681350
384,100   ,10.567490
385,100    ,9.692216
386,100   ,10.200068
387,100    ,9.858093
388,100   ,10.176477
389,100   ,10.910775
390,100   ,10.653102
391,100    ,9.450996
392,100   ,10.452708
393,100   ,10.229750
394,100   ,10.414679
395,100    ,9.793937
396,100    ,9.330728
397,100    ,9.713609
398,100    ,9.696785
399,100   ,10.397980
400,100    ,9.650120
401,100    ,9.630877
402,100    ,9.790307
403,100   ,10.636653
404,100   ,10.094275
405,100    ,9.527942
406,100   ,10.413536
407,100    ,9.894453
408,100   ,10.600910
409,100   ,10.154617
410,100    ,9.779712
411,100    ,9.585244
412,100    ,9.504567
413,100   ,10.484235
414,100   ,10.641048
415,100   ,11.390876
416,100    ,9.957542
417,100    ,9.317789
418,100    ,9.562514
419,100   ,10.368924
420,100    ,9.696429
421,100    ,9.993444
422,100    ,9.734949
423,100   ,10.963823
424,100   ,10.659382
425,100   ,10.041891
426,100   ,10.770956
427,100    ,9.273126
428,100   ,10.669022
429,100    ,9.700295
430,100    ,9.527218
431,100   ,10.253167
432,100   ,10.325860
433,100   ,10.531467
434,100   ,10.520010
435,100    ,9.493982
436,100   ,10.158032
437,100   ,10.270062
438,100   ,10.604586
439,100   ,10.318523
440,100    ,8.558012
441,100    ,9.652024
442,100   ,10.005934
443,100    ,9.905002
444,100   ,10.907132
445,100   ,10.957988
446,100    ,9.975307
447,100   ,10.124854
448,100   ,10.021736
449,100   ,10.510569
450,100    ,9.885878
451,100    ,9.943141
452,100   ,10.711042
453,100   ,10.158744
454,100   ,11.005313
455,100    ,9.783241
456,100    ,9.712863
457,100   ,10.356722
458,100    ,9.645338
459,100   ,10.310108
460,100    ,9.826034
461,100    ,9.998126
462,100   ,10.338738
463,100    ,9.387993
464,100    ,9.950400
465,100   ,10.804939
466,100    ,9.705631
467,100    ,9.996064
468,100    ,9.697829
469,100    ,9.594056
470,100   ,10.256559
471,100   ,10.586575
472,100   ,10.200922
473,100   ,10.831968
474,100   ,10.165681
475,100    ,9.682370
476,100    ,9.060695
477,100   ,10.357891
478,100   ,11.847682
479,100   ,10.867111
480,100    ,9.572104
481,100   ,10.835554
482,100    ,9.808302
483,100    ,9.117286
484,100   ,10.630706
485,100   ,10.229958
486,100   ,10.072907
487,100   ,10.083658
488,100   ,10.108970
489,100    ,9.578765
490,100   ,11.122903
491,100    ,9.805336
492,100    ,9.159129
493,100   ,10.246941
494,100   ,10.972175
495,100   ,10.146324
496,100    ,9.770129
497,100   ,10.077258
498,100   ,10.565921
499,100    ,9.744880
500,100    ,8.945865
